id,name,email
1,Alice Smith,alice@example.com
2,Bob Jones,bob@example.com
3,Charlie Day,charlie@example.com
4,David Williams,david.williams@example.com
5,Emily Brown,emily.brown@example.com
6,Frank Miller,frank.miller@example.com
7,Grace Davis,grace.davis@example.com
8,Henry Wilson,henry.wilson@example.com
9,Isabella Moore,isabella.moore@example.com
10,Jack Taylor,jack.taylor@example.com
11,Katherine Anderson,katherine.anderson@example.com
12,Liam Thomas,liam.thomas@example.com
13,Mia Jackson,mia.jackson@example.com
14,Noah White,noah.white@example.com
15,Olivia Harris,olivia.harris@example.com
16,Penelope Martin,penelope.martin@example.com
17,Quentin Thompson,quentin.thompson@example.com
18,Rachel Garcia,rachel.garcia@example.com
19,Samuel Martinez,samuel.martinez@example.com
20,Tara Robinson,tara.robinson@example.com